insert into customer values('01d00','Hanish',23,'Male');
insert into customer values('95766','Michael',23,'Male');
insert into customer values('e8607','Aziz',22,'Male');
insert into customer values('f846e','Riley',28,'Female');
insert into customer values('30885','Natasha',24,'Female');
insert into customer values('a98sf','Nate',33,'Male');
insert into customer values('41cr1','Kevin',55,'Male');
insert into customer values('24n5f','Mac',42,'Male');
insert into customer values('vdoji','Mary',26,'Female');
insert into customer values('nrjk2','Sandra',34,'Female');
insert into Hotel values(1000,'Hilton','Chicago','MichiganAve','100','IL','6172829990');
insert into Hotel values(1001,'Hilton','Dallas','OklahomaAve','101','TX','6172810920');
insert into Hotel values(1002,'Hilton','LA','RodeoDr','103','CA','9134569990');
insert into Hotel values(1003,'Hyatt','Chicago','MichiganAve','200','IL','6172982990');
insert into Hotel values(1004,'Hyatt','Dallas','OklahomaAve','201','TX','6172283920');
insert into Hotel values(1005,'Hyatt','LA','RodeoDr','203','CA','9131029990');
insert into Room values('King',4);
insert into Room values('Queen',3);
insert into Room values('Twin',2);
insert into Room values('Suite',6);
insert into Hotel_Room values(1000,'Hilton','Suite',13);
insert into Hotel_Room values(1000,'Hilton','King',35);
insert into Hotel_Room values(1000,'Hilton','Queen',50);
insert into Hotel_Room values(1000,'Hilton','Twin',55);
insert into Hotel_Room values(1001,'Hilton','Suite',13);
insert into Hotel_Room values(1001,'Hilton','King',35);
insert into Hotel_Room values(1001,'Hilton','Queen',50);
insert into Hotel_Room values(1001,'Hilton','Twin',55);
insert into Hotel_Room values(1002,'Hilton','Suite',13);
insert into Hotel_Room values(1002,'Hilton','King',35);
insert into Hotel_Room values(1002,'Hilton','Queen',50);
insert into Hotel_Room values(1002,'Hilton','Twin',55);
insert into Hotel_Room values(1003,'Hyatt','Suite',10);
insert into Hotel_Room values(1003,'Hyatt','King',50);
insert into Hotel_Room values(1003,'Hyatt','Queen',70);
insert into Hotel_Room values(1003,'Hyatt','Twin',50);
insert into Hotel_Room values(1004,'Hyatt','Suite',10);
insert into Hotel_Room values(1004,'Hyatt','King',50);
insert into Hotel_Room values(1004,'Hyatt','Queen',70);
insert into Hotel_Room values(1004,'Hyatt','Twin',50);
insert into Hotel_Room values(1005,'Hyatt','Suite',10);
insert into Hotel_Room values(1005,'Hyatt','King',50);
insert into Hotel_Room values(1005,'Hyatt','Queen',70);
insert into Hotel_Room values(1005,'Hyatt','Twin',50);
insert into Date_List values(1,1,2018);
insert into Date_List values(1,2,2018);
insert into Date_List values(1,3,2018);
insert into Date_List values(1,4,2018);
insert into Date_List values(1,5,2018);
insert into Date_List values(1,6,2018);
insert into Date_List values(1,7,2018);
insert into Date_List values(1,8,2018);
insert into Date_List values(1,9,2018);
insert into Date_List values(1,10,2018);
insert into Date_List values(1,11,2018);
insert into Date_List values(1,12,2018);
insert into Date_List values(1,13,2018);
insert into Date_List values(1,14,2018);
insert into Date_List values(1,15,2018);
insert into Date_List values(1,16,2018);
insert into Date_List values(1,17,2018);
insert into Date_List values(1,18,2018);
insert into Date_List values(1,19,2018);
insert into Date_List values(1,20,2018);
insert into Date_List values(1,21,2018);
insert into Date_List values(1,22,2018);
insert into Date_List values(1,23,2018);
insert into Date_List values(1,24,2018);
insert into Date_List values(1,25,2018);
insert into Date_List values(1,26,2018);
insert into Date_List values(1,27,2018);
insert into Date_List values(1,28,2018);
insert into Date_List values(1,29,2018);
insert into Date_List values(1,30,2018);
insert into Date_List values(1,31,2018);
insert into Price_Info values('Hilton',1000,'Suite',1,1,2018,150,13);
insert into Price_Info values('Hilton',1000,'Suite',1,2,2018,150,13);
insert into Price_Info values('Hilton',1000,'Suite',1,3,2018,150,13);
insert into Price_Info values('Hilton',1000,'Suite',1,4,2018,150,13);
insert into Price_Info values('Hilton',1000,'Suite',1,5,2018,150,13);
insert into Price_Info values('Hilton',1000,'Suite',1,6,2018,150,13);
insert into Price_Info values('Hilton',1000,'Suite',1,7,2018,150,13);
insert into Price_Info values('Hilton',1000,'Suite',1,8,2018,150,13);
insert into Price_Info values('Hilton',1000,'Suite',1,9,2018,150,13);
insert into Price_Info values('Hilton',1000,'Suite',1,10,2018,150,13);
insert into Price_Info values('Hilton',1000,'Suite',1,11,2018,150,13);
insert into Price_Info values('Hilton',1000,'Suite',1,12,2018,150,13);
insert into Price_Info values('Hilton',1000,'Suite',1,13,2018,150,13);
insert into Price_Info values('Hilton',1000,'Suite',1,14,2018,150,13);
insert into Price_Info values('Hilton',1000,'Suite',1,15,2018,150,13);
insert into Price_Info values('Hilton',1000,'Suite',1,16,2018,150,13);
insert into Price_Info values('Hilton',1000,'Suite',1,17,2018,150,13);
insert into Price_Info values('Hilton',1000,'Suite',1,18,2018,150,13);
insert into Price_Info values('Hilton',1000,'Suite',1,19,2018,150,13);
insert into Price_Info values('Hilton',1000,'Suite',1,20,2018,150,13);
insert into Price_Info values('Hilton',1000,'Suite',1,21,2018,150,13);
insert into Price_Info values('Hilton',1000,'Suite',1,22,2018,150,13);
insert into Price_Info values('Hilton',1000,'Suite',1,23,2018,150,13);
insert into Price_Info values('Hilton',1000,'Suite',1,24,2018,150,13);
insert into Price_Info values('Hilton',1000,'Suite',1,25,2018,150,13);
insert into Price_Info values('Hilton',1000,'Suite',1,26,2018,150,13);
insert into Price_Info values('Hilton',1000,'Suite',1,27,2018,150,13);
insert into Price_Info values('Hilton',1000,'Suite',1,28,2018,150,13);
insert into Price_Info values('Hilton',1000,'Suite',1,29,2018,150,13);
insert into Price_Info values('Hilton',1000,'Suite',1,30,2018,150,13);
insert into Price_Info values('Hilton',1000,'Suite',1,31,2018,150,13);
insert into Price_Info values('Hilton',1000,'King',1,1,2018,90,35);
insert into Price_Info values('Hilton',1000,'King',1,2,2018,90,35);
insert into Price_Info values('Hilton',1000,'King',1,3,2018,90,35);
insert into Price_Info values('Hilton',1000,'King',1,4,2018,90,35);
insert into Price_Info values('Hilton',1000,'King',1,5,2018,90,35);
insert into Price_Info values('Hilton',1000,'King',1,6,2018,90,35);
insert into Price_Info values('Hilton',1000,'King',1,7,2018,90,35);
insert into Price_Info values('Hilton',1000,'King',1,8,2018,90,35);
insert into Price_Info values('Hilton',1000,'King',1,9,2018,90,35);
insert into Price_Info values('Hilton',1000,'King',1,10,2018,90,35);
insert into Price_Info values('Hilton',1000,'King',1,11,2018,90,35);
insert into Price_Info values('Hilton',1000,'King',1,12,2018,90,35);
insert into Price_Info values('Hilton',1000,'King',1,13,2018,90,35);
insert into Price_Info values('Hilton',1000,'King',1,14,2018,90,35);
insert into Price_Info values('Hilton',1000,'King',1,15,2018,90,35);
insert into Price_Info values('Hilton',1000,'King',1,16,2018,90,35);
insert into Price_Info values('Hilton',1000,'King',1,17,2018,90,35);
insert into Price_Info values('Hilton',1000,'King',1,18,2018,90,35);
insert into Price_Info values('Hilton',1000,'King',1,19,2018,90,35);
insert into Price_Info values('Hilton',1000,'King',1,20,2018,90,35);
insert into Price_Info values('Hilton',1000,'King',1,21,2018,90,35);
insert into Price_Info values('Hilton',1000,'King',1,22,2018,90,35);
insert into Price_Info values('Hilton',1000,'King',1,23,2018,90,35);
insert into Price_Info values('Hilton',1000,'King',1,24,2018,90,35);
insert into Price_Info values('Hilton',1000,'King',1,25,2018,90,35);
insert into Price_Info values('Hilton',1000,'King',1,26,2018,90,35);
insert into Price_Info values('Hilton',1000,'King',1,27,2018,90,35);
insert into Price_Info values('Hilton',1000,'King',1,28,2018,90,35);
insert into Price_Info values('Hilton',1000,'King',1,29,2018,90,35);
insert into Price_Info values('Hilton',1000,'King',1,30,2018,90,35);
insert into Price_Info values('Hilton',1000,'King',1,31,2018,90,35);
insert into Price_Info values('Hilton',1000,'Queen',1,1,2018,80,50);
insert into Price_Info values('Hilton',1000,'Queen',1,2,2018,80,50);
insert into Price_Info values('Hilton',1000,'Queen',1,3,2018,80,50);
insert into Price_Info values('Hilton',1000,'Queen',1,4,2018,80,50);
insert into Price_Info values('Hilton',1000,'Queen',1,5,2018,80,50);
insert into Price_Info values('Hilton',1000,'Queen',1,6,2018,80,50);
insert into Price_Info values('Hilton',1000,'Queen',1,7,2018,80,50);
insert into Price_Info values('Hilton',1000,'Queen',1,8,2018,80,50);
insert into Price_Info values('Hilton',1000,'Queen',1,9,2018,80,50);
insert into Price_Info values('Hilton',1000,'Queen',1,10,2018,80,50);
insert into Price_Info values('Hilton',1000,'Queen',1,11,2018,80,50);
insert into Price_Info values('Hilton',1000,'Queen',1,12,2018,80,50);
insert into Price_Info values('Hilton',1000,'Queen',1,13,2018,80,50);
insert into Price_Info values('Hilton',1000,'Queen',1,14,2018,80,50);
insert into Price_Info values('Hilton',1000,'Queen',1,15,2018,80,50);
insert into Price_Info values('Hilton',1000,'Queen',1,16,2018,80,50);
insert into Price_Info values('Hilton',1000,'Queen',1,17,2018,80,50);
insert into Price_Info values('Hilton',1000,'Queen',1,18,2018,80,50);
insert into Price_Info values('Hilton',1000,'Queen',1,19,2018,80,50);
insert into Price_Info values('Hilton',1000,'Queen',1,20,2018,80,50);
insert into Price_Info values('Hilton',1000,'Queen',1,21,2018,80,50);
insert into Price_Info values('Hilton',1000,'Queen',1,22,2018,80,50);
insert into Price_Info values('Hilton',1000,'Queen',1,23,2018,80,50);
insert into Price_Info values('Hilton',1000,'Queen',1,24,2018,80,50);
insert into Price_Info values('Hilton',1000,'Queen',1,25,2018,80,50);
insert into Price_Info values('Hilton',1000,'Queen',1,26,2018,80,50);
insert into Price_Info values('Hilton',1000,'Queen',1,27,2018,80,50);
insert into Price_Info values('Hilton',1000,'Queen',1,28,2018,80,50);
insert into Price_Info values('Hilton',1000,'Queen',1,29,2018,80,50);
insert into Price_Info values('Hilton',1000,'Queen',1,30,2018,80,50);
insert into Price_Info values('Hilton',1000,'Queen',1,31,2018,80,50);
insert into Price_Info values('Hilton',1000,'Twin',1,1,2018,65,55);
insert into Price_Info values('Hilton',1000,'Twin',1,2,2018,65,55);
insert into Price_Info values('Hilton',1000,'Twin',1,3,2018,65,55);
insert into Price_Info values('Hilton',1000,'Twin',1,4,2018,65,55);
insert into Price_Info values('Hilton',1000,'Twin',1,5,2018,65,55);
insert into Price_Info values('Hilton',1000,'Twin',1,6,2018,65,55);
insert into Price_Info values('Hilton',1000,'Twin',1,7,2018,65,55);
insert into Price_Info values('Hilton',1000,'Twin',1,8,2018,65,55);
insert into Price_Info values('Hilton',1000,'Twin',1,9,2018,65,55);
insert into Price_Info values('Hilton',1000,'Twin',1,10,2018,65,55);
insert into Price_Info values('Hilton',1000,'Twin',1,11,2018,65,55);
insert into Price_Info values('Hilton',1000,'Twin',1,12,2018,65,55);
insert into Price_Info values('Hilton',1000,'Twin',1,13,2018,65,55);
insert into Price_Info values('Hilton',1000,'Twin',1,14,2018,65,55);
insert into Price_Info values('Hilton',1000,'Twin',1,15,2018,65,55);
insert into Price_Info values('Hilton',1000,'Twin',1,16,2018,65,55);
insert into Price_Info values('Hilton',1000,'Twin',1,17,2018,65,55);
insert into Price_Info values('Hilton',1000,'Twin',1,18,2018,65,55);
insert into Price_Info values('Hilton',1000,'Twin',1,19,2018,65,55);
insert into Price_Info values('Hilton',1000,'Twin',1,20,2018,65,55);
insert into Price_Info values('Hilton',1000,'Twin',1,21,2018,65,55);
insert into Price_Info values('Hilton',1000,'Twin',1,22,2018,65,55);
insert into Price_Info values('Hilton',1000,'Twin',1,23,2018,65,55);
insert into Price_Info values('Hilton',1000,'Twin',1,24,2018,65,55);
insert into Price_Info values('Hilton',1000,'Twin',1,25,2018,65,55);
insert into Price_Info values('Hilton',1000,'Twin',1,26,2018,65,55);
insert into Price_Info values('Hilton',1000,'Twin',1,27,2018,65,55);
insert into Price_Info values('Hilton',1000,'Twin',1,28,2018,65,55);
insert into Price_Info values('Hilton',1000,'Twin',1,29,2018,65,55);
insert into Price_Info values('Hilton',1000,'Twin',1,30,2018,65,55);
insert into Price_Info values('Hilton',1000,'Twin',1,31,2018,65,55);
insert into Price_Info values('Hilton',1001,'Suite',1,1,2018,150,13);
insert into Price_Info values('Hilton',1001,'Suite',1,2,2018,150,13);
insert into Price_Info values('Hilton',1001,'Suite',1,3,2018,150,13);
insert into Price_Info values('Hilton',1001,'Suite',1,4,2018,150,13);
insert into Price_Info values('Hilton',1001,'Suite',1,5,2018,150,13);
insert into Price_Info values('Hilton',1001,'Suite',1,6,2018,150,13);
insert into Price_Info values('Hilton',1001,'Suite',1,7,2018,150,13);
insert into Price_Info values('Hilton',1001,'Suite',1,8,2018,150,13);
insert into Price_Info values('Hilton',1001,'Suite',1,9,2018,150,13);
insert into Price_Info values('Hilton',1001,'Suite',1,10,2018,150,13);
insert into Price_Info values('Hilton',1001,'Suite',1,11,2018,150,13);
insert into Price_Info values('Hilton',1001,'Suite',1,12,2018,150,13);
insert into Price_Info values('Hilton',1001,'Suite',1,13,2018,150,13);
insert into Price_Info values('Hilton',1001,'Suite',1,14,2018,150,13);
insert into Price_Info values('Hilton',1001,'Suite',1,15,2018,150,13);
insert into Price_Info values('Hilton',1001,'Suite',1,16,2018,150,13);
insert into Price_Info values('Hilton',1001,'Suite',1,17,2018,150,13);
insert into Price_Info values('Hilton',1001,'Suite',1,18,2018,150,13);
insert into Price_Info values('Hilton',1001,'Suite',1,19,2018,150,13);
insert into Price_Info values('Hilton',1001,'Suite',1,20,2018,150,13);
insert into Price_Info values('Hilton',1001,'Suite',1,21,2018,150,13);
insert into Price_Info values('Hilton',1001,'Suite',1,22,2018,150,13);
insert into Price_Info values('Hilton',1001,'Suite',1,23,2018,150,13);
insert into Price_Info values('Hilton',1001,'Suite',1,24,2018,150,13);
insert into Price_Info values('Hilton',1001,'Suite',1,25,2018,150,13);
insert into Price_Info values('Hilton',1001,'Suite',1,26,2018,150,13);
insert into Price_Info values('Hilton',1001,'Suite',1,27,2018,150,13);
insert into Price_Info values('Hilton',1001,'Suite',1,28,2018,150,13);
insert into Price_Info values('Hilton',1001,'Suite',1,29,2018,150,13);
insert into Price_Info values('Hilton',1001,'Suite',1,30,2018,150,13);
insert into Price_Info values('Hilton',1001,'Suite',1,31,2018,150,13);
insert into Price_Info values('Hilton',1001,'King',1,1,2018,90,35);
insert into Price_Info values('Hilton',1001,'King',1,2,2018,90,35);
insert into Price_Info values('Hilton',1001,'King',1,3,2018,90,35);
insert into Price_Info values('Hilton',1001,'King',1,4,2018,90,35);
insert into Price_Info values('Hilton',1001,'King',1,5,2018,90,35);
insert into Price_Info values('Hilton',1001,'King',1,6,2018,90,35);
insert into Price_Info values('Hilton',1001,'King',1,7,2018,90,35);
insert into Price_Info values('Hilton',1001,'King',1,8,2018,90,35);
insert into Price_Info values('Hilton',1001,'King',1,9,2018,90,35);
insert into Price_Info values('Hilton',1001,'King',1,10,2018,90,35);
insert into Price_Info values('Hilton',1001,'King',1,11,2018,90,35);
insert into Price_Info values('Hilton',1001,'King',1,12,2018,90,35);
insert into Price_Info values('Hilton',1001,'King',1,13,2018,90,35);
insert into Price_Info values('Hilton',1001,'King',1,14,2018,90,35);
insert into Price_Info values('Hilton',1001,'King',1,15,2018,90,35);
insert into Price_Info values('Hilton',1001,'King',1,16,2018,90,35);
insert into Price_Info values('Hilton',1001,'King',1,17,2018,90,35);
insert into Price_Info values('Hilton',1001,'King',1,18,2018,90,35);
insert into Price_Info values('Hilton',1001,'King',1,19,2018,90,35);
insert into Price_Info values('Hilton',1001,'King',1,20,2018,90,35);
insert into Price_Info values('Hilton',1001,'King',1,21,2018,90,35);
insert into Price_Info values('Hilton',1001,'King',1,22,2018,90,35);
insert into Price_Info values('Hilton',1001,'King',1,23,2018,90,35);
insert into Price_Info values('Hilton',1001,'King',1,24,2018,90,35);
insert into Price_Info values('Hilton',1001,'King',1,25,2018,90,35);
insert into Price_Info values('Hilton',1001,'King',1,26,2018,90,35);
insert into Price_Info values('Hilton',1001,'King',1,27,2018,90,35);
insert into Price_Info values('Hilton',1001,'King',1,28,2018,90,35);
insert into Price_Info values('Hilton',1001,'King',1,29,2018,90,35);
insert into Price_Info values('Hilton',1001,'King',1,30,2018,90,35);
insert into Price_Info values('Hilton',1001,'King',1,31,2018,90,35);
insert into Price_Info values('Hilton',1001,'Queen',1,1,2018,80,50);
insert into Price_Info values('Hilton',1001,'Queen',1,2,2018,80,50);
insert into Price_Info values('Hilton',1001,'Queen',1,3,2018,80,50);
insert into Price_Info values('Hilton',1001,'Queen',1,4,2018,80,50);
insert into Price_Info values('Hilton',1001,'Queen',1,5,2018,80,50);
insert into Price_Info values('Hilton',1001,'Queen',1,6,2018,80,50);
insert into Price_Info values('Hilton',1001,'Queen',1,7,2018,80,50);
insert into Price_Info values('Hilton',1001,'Queen',1,8,2018,80,50);
insert into Price_Info values('Hilton',1001,'Queen',1,9,2018,80,50);
insert into Price_Info values('Hilton',1001,'Queen',1,10,2018,80,50);
insert into Price_Info values('Hilton',1001,'Queen',1,11,2018,80,50);
insert into Price_Info values('Hilton',1001,'Queen',1,12,2018,80,50);
insert into Price_Info values('Hilton',1001,'Queen',1,13,2018,80,50);
insert into Price_Info values('Hilton',1001,'Queen',1,14,2018,80,50);
insert into Price_Info values('Hilton',1001,'Queen',1,15,2018,80,50);
insert into Price_Info values('Hilton',1001,'Queen',1,16,2018,80,50);
insert into Price_Info values('Hilton',1001,'Queen',1,17,2018,80,50);
insert into Price_Info values('Hilton',1001,'Queen',1,18,2018,80,50);
insert into Price_Info values('Hilton',1001,'Queen',1,19,2018,80,50);
insert into Price_Info values('Hilton',1001,'Queen',1,20,2018,80,50);
insert into Price_Info values('Hilton',1001,'Queen',1,21,2018,80,50);
insert into Price_Info values('Hilton',1001,'Queen',1,22,2018,80,50);
insert into Price_Info values('Hilton',1001,'Queen',1,23,2018,80,50);
insert into Price_Info values('Hilton',1001,'Queen',1,24,2018,80,50);
insert into Price_Info values('Hilton',1001,'Queen',1,25,2018,80,50);
insert into Price_Info values('Hilton',1001,'Queen',1,26,2018,80,50);
insert into Price_Info values('Hilton',1001,'Queen',1,27,2018,80,50);
insert into Price_Info values('Hilton',1001,'Queen',1,28,2018,80,50);
insert into Price_Info values('Hilton',1001,'Queen',1,29,2018,80,50);
insert into Price_Info values('Hilton',1001,'Queen',1,30,2018,80,50);
insert into Price_Info values('Hilton',1001,'Queen',1,31,2018,80,50);
insert into Price_Info values('Hilton',1001,'Twin',1,1,2018,65,55);
insert into Price_Info values('Hilton',1001,'Twin',1,2,2018,65,55);
insert into Price_Info values('Hilton',1001,'Twin',1,3,2018,65,55);
insert into Price_Info values('Hilton',1001,'Twin',1,4,2018,65,55);
insert into Price_Info values('Hilton',1001,'Twin',1,5,2018,65,55);
insert into Price_Info values('Hilton',1001,'Twin',1,6,2018,65,55);
insert into Price_Info values('Hilton',1001,'Twin',1,7,2018,65,55);
insert into Price_Info values('Hilton',1001,'Twin',1,8,2018,65,55);
insert into Price_Info values('Hilton',1001,'Twin',1,9,2018,65,55);
insert into Price_Info values('Hilton',1001,'Twin',1,10,2018,65,55);
insert into Price_Info values('Hilton',1001,'Twin',1,11,2018,65,55);
insert into Price_Info values('Hilton',1001,'Twin',1,12,2018,65,55);
insert into Price_Info values('Hilton',1001,'Twin',1,13,2018,65,55);
insert into Price_Info values('Hilton',1001,'Twin',1,14,2018,65,55);
insert into Price_Info values('Hilton',1001,'Twin',1,15,2018,65,55);
insert into Price_Info values('Hilton',1001,'Twin',1,16,2018,65,55);
insert into Price_Info values('Hilton',1001,'Twin',1,17,2018,65,55);
insert into Price_Info values('Hilton',1001,'Twin',1,18,2018,65,55);
insert into Price_Info values('Hilton',1001,'Twin',1,19,2018,65,55);
insert into Price_Info values('Hilton',1001,'Twin',1,20,2018,65,55);
insert into Price_Info values('Hilton',1001,'Twin',1,21,2018,65,55);
insert into Price_Info values('Hilton',1001,'Twin',1,22,2018,65,55);
insert into Price_Info values('Hilton',1001,'Twin',1,23,2018,65,55);
insert into Price_Info values('Hilton',1001,'Twin',1,24,2018,65,55);
insert into Price_Info values('Hilton',1001,'Twin',1,25,2018,65,55);
insert into Price_Info values('Hilton',1001,'Twin',1,26,2018,65,55);
insert into Price_Info values('Hilton',1001,'Twin',1,27,2018,65,55);
insert into Price_Info values('Hilton',1001,'Twin',1,28,2018,65,55);
insert into Price_Info values('Hilton',1001,'Twin',1,29,2018,65,55);
insert into Price_Info values('Hilton',1001,'Twin',1,30,2018,65,55);
insert into Price_Info values('Hilton',1001,'Twin',1,31,2018,65,55);
insert into Price_Info values('Hilton',1002,'Suite',1,1,2018,150,13);
insert into Price_Info values('Hilton',1002,'Suite',1,2,2018,150,13);
insert into Price_Info values('Hilton',1002,'Suite',1,3,2018,150,13);
insert into Price_Info values('Hilton',1002,'Suite',1,4,2018,150,13);
insert into Price_Info values('Hilton',1002,'Suite',1,5,2018,150,13);
insert into Price_Info values('Hilton',1002,'Suite',1,6,2018,150,13);
insert into Price_Info values('Hilton',1002,'Suite',1,7,2018,150,13);
insert into Price_Info values('Hilton',1002,'Suite',1,8,2018,150,13);
insert into Price_Info values('Hilton',1002,'Suite',1,9,2018,150,13);
insert into Price_Info values('Hilton',1002,'Suite',1,10,2018,150,13);
insert into Price_Info values('Hilton',1002,'Suite',1,11,2018,150,13);
insert into Price_Info values('Hilton',1002,'Suite',1,12,2018,150,13);
insert into Price_Info values('Hilton',1002,'Suite',1,13,2018,150,13);
insert into Price_Info values('Hilton',1002,'Suite',1,14,2018,150,13);
insert into Price_Info values('Hilton',1002,'Suite',1,15,2018,150,13);
insert into Price_Info values('Hilton',1002,'Suite',1,16,2018,150,13);
insert into Price_Info values('Hilton',1002,'Suite',1,17,2018,150,13);
insert into Price_Info values('Hilton',1002,'Suite',1,18,2018,150,13);
insert into Price_Info values('Hilton',1002,'Suite',1,19,2018,150,13);
insert into Price_Info values('Hilton',1002,'Suite',1,20,2018,150,13);
insert into Price_Info values('Hilton',1002,'Suite',1,21,2018,150,13);
insert into Price_Info values('Hilton',1002,'Suite',1,22,2018,150,13);
insert into Price_Info values('Hilton',1002,'Suite',1,23,2018,150,13);
insert into Price_Info values('Hilton',1002,'Suite',1,24,2018,150,13);
insert into Price_Info values('Hilton',1002,'Suite',1,25,2018,150,13);
insert into Price_Info values('Hilton',1002,'Suite',1,26,2018,150,13);
insert into Price_Info values('Hilton',1002,'Suite',1,27,2018,150,13);
insert into Price_Info values('Hilton',1002,'Suite',1,28,2018,150,13);
insert into Price_Info values('Hilton',1002,'Suite',1,29,2018,150,13);
insert into Price_Info values('Hilton',1002,'Suite',1,30,2018,150,13);
insert into Price_Info values('Hilton',1002,'Suite',1,31,2018,150,13);
insert into Price_Info values('Hilton',1002,'King',1,1,2018,90,35);
insert into Price_Info values('Hilton',1002,'King',1,2,2018,90,35);
insert into Price_Info values('Hilton',1002,'King',1,3,2018,90,35);
insert into Price_Info values('Hilton',1002,'King',1,4,2018,90,35);
insert into Price_Info values('Hilton',1002,'King',1,5,2018,90,35);
insert into Price_Info values('Hilton',1002,'King',1,6,2018,90,35);
insert into Price_Info values('Hilton',1002,'King',1,7,2018,90,35);
insert into Price_Info values('Hilton',1002,'King',1,8,2018,90,35);
insert into Price_Info values('Hilton',1002,'King',1,9,2018,90,35);
insert into Price_Info values('Hilton',1002,'King',1,10,2018,90,35);
insert into Price_Info values('Hilton',1002,'King',1,11,2018,90,35);
insert into Price_Info values('Hilton',1002,'King',1,12,2018,90,35);
insert into Price_Info values('Hilton',1002,'King',1,13,2018,90,35);
insert into Price_Info values('Hilton',1002,'King',1,14,2018,90,35);
insert into Price_Info values('Hilton',1002,'King',1,15,2018,90,35);
insert into Price_Info values('Hilton',1002,'King',1,16,2018,90,35);
insert into Price_Info values('Hilton',1002,'King',1,17,2018,90,35);
insert into Price_Info values('Hilton',1002,'King',1,18,2018,90,35);
insert into Price_Info values('Hilton',1002,'King',1,19,2018,90,35);
insert into Price_Info values('Hilton',1002,'King',1,20,2018,90,35);
insert into Price_Info values('Hilton',1002,'King',1,21,2018,90,35);
insert into Price_Info values('Hilton',1002,'King',1,22,2018,90,35);
insert into Price_Info values('Hilton',1002,'King',1,23,2018,90,35);
insert into Price_Info values('Hilton',1002,'King',1,24,2018,90,35);
insert into Price_Info values('Hilton',1002,'King',1,25,2018,90,35);
insert into Price_Info values('Hilton',1002,'King',1,26,2018,90,35);
insert into Price_Info values('Hilton',1002,'King',1,27,2018,90,35);
insert into Price_Info values('Hilton',1002,'King',1,28,2018,90,35);
insert into Price_Info values('Hilton',1002,'King',1,29,2018,90,35);
insert into Price_Info values('Hilton',1002,'King',1,30,2018,90,35);
insert into Price_Info values('Hilton',1002,'King',1,31,2018,90,35);
insert into Price_Info values('Hilton',1002,'Queen',1,1,2018,80,50);
insert into Price_Info values('Hilton',1002,'Queen',1,2,2018,80,50);
insert into Price_Info values('Hilton',1002,'Queen',1,3,2018,80,50);
insert into Price_Info values('Hilton',1002,'Queen',1,4,2018,80,50);
insert into Price_Info values('Hilton',1002,'Queen',1,5,2018,80,50);
insert into Price_Info values('Hilton',1002,'Queen',1,6,2018,80,50);
insert into Price_Info values('Hilton',1002,'Queen',1,7,2018,80,50);
insert into Price_Info values('Hilton',1002,'Queen',1,8,2018,80,50);
insert into Price_Info values('Hilton',1002,'Queen',1,9,2018,80,50);
insert into Price_Info values('Hilton',1002,'Queen',1,10,2018,80,50);
insert into Price_Info values('Hilton',1002,'Queen',1,11,2018,80,50);
insert into Price_Info values('Hilton',1002,'Queen',1,12,2018,80,50);
insert into Price_Info values('Hilton',1002,'Queen',1,13,2018,80,50);
insert into Price_Info values('Hilton',1002,'Queen',1,14,2018,80,50);
insert into Price_Info values('Hilton',1002,'Queen',1,15,2018,80,50);
insert into Price_Info values('Hilton',1002,'Queen',1,16,2018,80,50);
insert into Price_Info values('Hilton',1002,'Queen',1,17,2018,80,50);
insert into Price_Info values('Hilton',1002,'Queen',1,18,2018,80,50);
insert into Price_Info values('Hilton',1002,'Queen',1,19,2018,80,50);
insert into Price_Info values('Hilton',1002,'Queen',1,20,2018,80,50);
insert into Price_Info values('Hilton',1002,'Queen',1,21,2018,80,50);
insert into Price_Info values('Hilton',1002,'Queen',1,22,2018,80,50);
insert into Price_Info values('Hilton',1002,'Queen',1,23,2018,80,50);
insert into Price_Info values('Hilton',1002,'Queen',1,24,2018,80,50);
insert into Price_Info values('Hilton',1002,'Queen',1,25,2018,80,50);
insert into Price_Info values('Hilton',1002,'Queen',1,26,2018,80,50);
insert into Price_Info values('Hilton',1002,'Queen',1,27,2018,80,50);
insert into Price_Info values('Hilton',1002,'Queen',1,28,2018,80,50);
insert into Price_Info values('Hilton',1002,'Queen',1,29,2018,80,50);
insert into Price_Info values('Hilton',1002,'Queen',1,30,2018,80,50);
insert into Price_Info values('Hilton',1002,'Queen',1,31,2018,80,50);
insert into Price_Info values('Hilton',1002,'Twin',1,1,2018,65,55);
insert into Price_Info values('Hilton',1002,'Twin',1,2,2018,65,55);
insert into Price_Info values('Hilton',1002,'Twin',1,3,2018,65,55);
insert into Price_Info values('Hilton',1002,'Twin',1,4,2018,65,55);
insert into Price_Info values('Hilton',1002,'Twin',1,5,2018,65,55);
insert into Price_Info values('Hilton',1002,'Twin',1,6,2018,65,55);
insert into Price_Info values('Hilton',1002,'Twin',1,7,2018,65,55);
insert into Price_Info values('Hilton',1002,'Twin',1,8,2018,65,55);
insert into Price_Info values('Hilton',1002,'Twin',1,9,2018,65,55);
insert into Price_Info values('Hilton',1002,'Twin',1,10,2018,65,55);
insert into Price_Info values('Hilton',1002,'Twin',1,11,2018,65,55);
insert into Price_Info values('Hilton',1002,'Twin',1,12,2018,65,55);
insert into Price_Info values('Hilton',1002,'Twin',1,13,2018,65,55);
insert into Price_Info values('Hilton',1002,'Twin',1,14,2018,65,55);
insert into Price_Info values('Hilton',1002,'Twin',1,15,2018,65,55);
insert into Price_Info values('Hilton',1002,'Twin',1,16,2018,65,55);
insert into Price_Info values('Hilton',1002,'Twin',1,17,2018,65,55);
insert into Price_Info values('Hilton',1002,'Twin',1,18,2018,65,55);
insert into Price_Info values('Hilton',1002,'Twin',1,19,2018,65,55);
insert into Price_Info values('Hilton',1002,'Twin',1,20,2018,65,55);
insert into Price_Info values('Hilton',1002,'Twin',1,21,2018,65,55);
insert into Price_Info values('Hilton',1002,'Twin',1,22,2018,65,55);
insert into Price_Info values('Hilton',1002,'Twin',1,23,2018,65,55);
insert into Price_Info values('Hilton',1002,'Twin',1,24,2018,65,55);
insert into Price_Info values('Hilton',1002,'Twin',1,25,2018,65,55);
insert into Price_Info values('Hilton',1002,'Twin',1,26,2018,65,55);
insert into Price_Info values('Hilton',1002,'Twin',1,27,2018,65,55);
insert into Price_Info values('Hilton',1002,'Twin',1,28,2018,65,55);
insert into Price_Info values('Hilton',1002,'Twin',1,29,2018,65,55);
insert into Price_Info values('Hilton',1002,'Twin',1,30,2018,65,55);
insert into Price_Info values('Hilton',1002,'Twin',1,31,2018,65,55);
insert into Price_Info values('Hyatt',1003,'Suite',1,1,2018,150,13);
insert into Price_Info values('Hyatt',1003,'Suite',1,2,2018,150,13);
insert into Price_Info values('Hyatt',1003,'Suite',1,3,2018,150,13);
insert into Price_Info values('Hyatt',1003,'Suite',1,4,2018,150,13);
insert into Price_Info values('Hyatt',1003,'Suite',1,5,2018,150,13);
insert into Price_Info values('Hyatt',1003,'Suite',1,6,2018,150,13);
insert into Price_Info values('Hyatt',1003,'Suite',1,7,2018,150,13);
insert into Price_Info values('Hyatt',1003,'Suite',1,8,2018,150,13);
insert into Price_Info values('Hyatt',1003,'Suite',1,9,2018,150,13);
insert into Price_Info values('Hyatt',1003,'Suite',1,10,2018,150,13);
insert into Price_Info values('Hyatt',1003,'Suite',1,11,2018,150,13);
insert into Price_Info values('Hyatt',1003,'Suite',1,12,2018,150,13);
insert into Price_Info values('Hyatt',1003,'Suite',1,13,2018,150,13);
insert into Price_Info values('Hyatt',1003,'Suite',1,14,2018,150,13);
insert into Price_Info values('Hyatt',1003,'Suite',1,15,2018,150,13);
insert into Price_Info values('Hyatt',1003,'Suite',1,16,2018,150,13);
insert into Price_Info values('Hyatt',1003,'Suite',1,17,2018,150,13);
insert into Price_Info values('Hyatt',1003,'Suite',1,18,2018,150,13);
insert into Price_Info values('Hyatt',1003,'Suite',1,19,2018,150,13);
insert into Price_Info values('Hyatt',1003,'Suite',1,20,2018,150,13);
insert into Price_Info values('Hyatt',1003,'Suite',1,21,2018,150,13);
insert into Price_Info values('Hyatt',1003,'Suite',1,22,2018,150,13);
insert into Price_Info values('Hyatt',1003,'Suite',1,23,2018,150,13);
insert into Price_Info values('Hyatt',1003,'Suite',1,24,2018,150,13);
insert into Price_Info values('Hyatt',1003,'Suite',1,25,2018,150,13);
insert into Price_Info values('Hyatt',1003,'Suite',1,26,2018,150,13);
insert into Price_Info values('Hyatt',1003,'Suite',1,27,2018,150,13);
insert into Price_Info values('Hyatt',1003,'Suite',1,28,2018,150,13);
insert into Price_Info values('Hyatt',1003,'Suite',1,29,2018,150,13);
insert into Price_Info values('Hyatt',1003,'Suite',1,30,2018,150,13);
insert into Price_Info values('Hyatt',1003,'Suite',1,31,2018,150,13);
insert into Price_Info values('Hyatt',1003,'King',1,1,2018,90,35);
insert into Price_Info values('Hyatt',1003,'King',1,2,2018,90,35);
insert into Price_Info values('Hyatt',1003,'King',1,3,2018,90,35);
insert into Price_Info values('Hyatt',1003,'King',1,4,2018,90,35);
insert into Price_Info values('Hyatt',1003,'King',1,5,2018,90,35);
insert into Price_Info values('Hyatt',1003,'King',1,6,2018,90,35);
insert into Price_Info values('Hyatt',1003,'King',1,7,2018,90,35);
insert into Price_Info values('Hyatt',1003,'King',1,8,2018,90,35);
insert into Price_Info values('Hyatt',1003,'King',1,9,2018,90,35);
insert into Price_Info values('Hyatt',1003,'King',1,10,2018,90,35);
insert into Price_Info values('Hyatt',1003,'King',1,11,2018,90,35);
insert into Price_Info values('Hyatt',1003,'King',1,12,2018,90,35);
insert into Price_Info values('Hyatt',1003,'King',1,13,2018,90,35);
insert into Price_Info values('Hyatt',1003,'King',1,14,2018,90,35);
insert into Price_Info values('Hyatt',1003,'King',1,15,2018,90,35);
insert into Price_Info values('Hyatt',1003,'King',1,16,2018,90,35);
insert into Price_Info values('Hyatt',1003,'King',1,17,2018,90,35);
insert into Price_Info values('Hyatt',1003,'King',1,18,2018,90,35);
insert into Price_Info values('Hyatt',1003,'King',1,19,2018,90,35);
insert into Price_Info values('Hyatt',1003,'King',1,20,2018,90,35);
insert into Price_Info values('Hyatt',1003,'King',1,21,2018,90,35);
insert into Price_Info values('Hyatt',1003,'King',1,22,2018,90,35);
insert into Price_Info values('Hyatt',1003,'King',1,23,2018,90,35);
insert into Price_Info values('Hyatt',1003,'King',1,24,2018,90,35);
insert into Price_Info values('Hyatt',1003,'King',1,25,2018,90,35);
insert into Price_Info values('Hyatt',1003,'King',1,26,2018,90,35);
insert into Price_Info values('Hyatt',1003,'King',1,27,2018,90,35);
insert into Price_Info values('Hyatt',1003,'King',1,28,2018,90,35);
insert into Price_Info values('Hyatt',1003,'King',1,29,2018,90,35);
insert into Price_Info values('Hyatt',1003,'King',1,30,2018,90,35);
insert into Price_Info values('Hyatt',1003,'King',1,31,2018,90,35);
insert into Price_Info values('Hyatt',1003,'Queen',1,1,2018,80,50);
insert into Price_Info values('Hyatt',1003,'Queen',1,2,2018,80,50);
insert into Price_Info values('Hyatt',1003,'Queen',1,3,2018,80,50);
insert into Price_Info values('Hyatt',1003,'Queen',1,4,2018,80,50);
insert into Price_Info values('Hyatt',1003,'Queen',1,5,2018,80,50);
insert into Price_Info values('Hyatt',1003,'Queen',1,6,2018,80,50);
insert into Price_Info values('Hyatt',1003,'Queen',1,7,2018,80,50);
insert into Price_Info values('Hyatt',1003,'Queen',1,8,2018,80,50);
insert into Price_Info values('Hyatt',1003,'Queen',1,9,2018,80,50);
insert into Price_Info values('Hyatt',1003,'Queen',1,10,2018,80,50);
insert into Price_Info values('Hyatt',1003,'Queen',1,11,2018,80,50);
insert into Price_Info values('Hyatt',1003,'Queen',1,12,2018,80,50);
insert into Price_Info values('Hyatt',1003,'Queen',1,13,2018,80,50);
insert into Price_Info values('Hyatt',1003,'Queen',1,14,2018,80,50);
insert into Price_Info values('Hyatt',1003,'Queen',1,15,2018,80,50);
insert into Price_Info values('Hyatt',1003,'Queen',1,16,2018,80,50);
insert into Price_Info values('Hyatt',1003,'Queen',1,17,2018,80,50);
insert into Price_Info values('Hyatt',1003,'Queen',1,18,2018,80,50);
insert into Price_Info values('Hyatt',1003,'Queen',1,19,2018,80,50);
insert into Price_Info values('Hyatt',1003,'Queen',1,20,2018,80,50);
insert into Price_Info values('Hyatt',1003,'Queen',1,21,2018,80,50);
insert into Price_Info values('Hyatt',1003,'Queen',1,22,2018,80,50);
insert into Price_Info values('Hyatt',1003,'Queen',1,23,2018,80,50);
insert into Price_Info values('Hyatt',1003,'Queen',1,24,2018,80,50);
insert into Price_Info values('Hyatt',1003,'Queen',1,25,2018,80,50);
insert into Price_Info values('Hyatt',1003,'Queen',1,26,2018,80,50);
insert into Price_Info values('Hyatt',1003,'Queen',1,27,2018,80,50);
insert into Price_Info values('Hyatt',1003,'Queen',1,28,2018,80,50);
insert into Price_Info values('Hyatt',1003,'Queen',1,29,2018,80,50);
insert into Price_Info values('Hyatt',1003,'Queen',1,30,2018,80,50);
insert into Price_Info values('Hyatt',1003,'Queen',1,31,2018,80,50);
insert into Price_Info values('Hyatt',1003,'Twin',1,1,2018,65,55);
insert into Price_Info values('Hyatt',1003,'Twin',1,2,2018,65,55);
insert into Price_Info values('Hyatt',1003,'Twin',1,3,2018,65,55);
insert into Price_Info values('Hyatt',1003,'Twin',1,4,2018,65,55);
insert into Price_Info values('Hyatt',1003,'Twin',1,5,2018,65,55);
insert into Price_Info values('Hyatt',1003,'Twin',1,6,2018,65,55);
insert into Price_Info values('Hyatt',1003,'Twin',1,7,2018,65,55);
insert into Price_Info values('Hyatt',1003,'Twin',1,8,2018,65,55);
insert into Price_Info values('Hyatt',1003,'Twin',1,9,2018,65,55);
insert into Price_Info values('Hyatt',1003,'Twin',1,10,2018,65,55);
insert into Price_Info values('Hyatt',1003,'Twin',1,11,2018,65,55);
insert into Price_Info values('Hyatt',1003,'Twin',1,12,2018,65,55);
insert into Price_Info values('Hyatt',1003,'Twin',1,13,2018,65,55);
insert into Price_Info values('Hyatt',1003,'Twin',1,14,2018,65,55);
insert into Price_Info values('Hyatt',1003,'Twin',1,15,2018,65,55);
insert into Price_Info values('Hyatt',1003,'Twin',1,16,2018,65,55);
insert into Price_Info values('Hyatt',1003,'Twin',1,17,2018,65,55);
insert into Price_Info values('Hyatt',1003,'Twin',1,18,2018,65,55);
insert into Price_Info values('Hyatt',1003,'Twin',1,19,2018,65,55);
insert into Price_Info values('Hyatt',1003,'Twin',1,20,2018,65,55);
insert into Price_Info values('Hyatt',1003,'Twin',1,21,2018,65,55);
insert into Price_Info values('Hyatt',1003,'Twin',1,22,2018,65,55);
insert into Price_Info values('Hyatt',1003,'Twin',1,23,2018,65,55);
insert into Price_Info values('Hyatt',1003,'Twin',1,24,2018,65,55);
insert into Price_Info values('Hyatt',1003,'Twin',1,25,2018,65,55);
insert into Price_Info values('Hyatt',1003,'Twin',1,26,2018,65,55);
insert into Price_Info values('Hyatt',1003,'Twin',1,27,2018,65,55);
insert into Price_Info values('Hyatt',1003,'Twin',1,28,2018,65,55);
insert into Price_Info values('Hyatt',1003,'Twin',1,29,2018,65,55);
insert into Price_Info values('Hyatt',1003,'Twin',1,30,2018,65,55);
insert into Price_Info values('Hyatt',1003,'Twin',1,31,2018,65,55);
insert into Price_Info values('Hyatt',1004,'Suite',1,1,2018,150,13);
insert into Price_Info values('Hyatt',1004,'Suite',1,2,2018,150,13);
insert into Price_Info values('Hyatt',1004,'Suite',1,3,2018,150,13);
insert into Price_Info values('Hyatt',1004,'Suite',1,4,2018,150,13);
insert into Price_Info values('Hyatt',1004,'Suite',1,5,2018,150,13);
insert into Price_Info values('Hyatt',1004,'Suite',1,6,2018,150,13);
insert into Price_Info values('Hyatt',1004,'Suite',1,7,2018,150,13);
insert into Price_Info values('Hyatt',1004,'Suite',1,8,2018,150,13);
insert into Price_Info values('Hyatt',1004,'Suite',1,9,2018,150,13);
insert into Price_Info values('Hyatt',1004,'Suite',1,10,2018,150,13);
insert into Price_Info values('Hyatt',1004,'Suite',1,11,2018,150,13);
insert into Price_Info values('Hyatt',1004,'Suite',1,12,2018,150,13);
insert into Price_Info values('Hyatt',1004,'Suite',1,13,2018,150,13);
insert into Price_Info values('Hyatt',1004,'Suite',1,14,2018,150,13);
insert into Price_Info values('Hyatt',1004,'Suite',1,15,2018,150,13);
insert into Price_Info values('Hyatt',1004,'Suite',1,16,2018,150,13);
insert into Price_Info values('Hyatt',1004,'Suite',1,17,2018,150,13);
insert into Price_Info values('Hyatt',1004,'Suite',1,18,2018,150,13);
insert into Price_Info values('Hyatt',1004,'Suite',1,19,2018,150,13);
insert into Price_Info values('Hyatt',1004,'Suite',1,20,2018,150,13);
insert into Price_Info values('Hyatt',1004,'Suite',1,21,2018,150,13);
insert into Price_Info values('Hyatt',1004,'Suite',1,22,2018,150,13);
insert into Price_Info values('Hyatt',1004,'Suite',1,23,2018,150,13);
insert into Price_Info values('Hyatt',1004,'Suite',1,24,2018,150,13);
insert into Price_Info values('Hyatt',1004,'Suite',1,25,2018,150,13);
insert into Price_Info values('Hyatt',1004,'Suite',1,26,2018,150,13);
insert into Price_Info values('Hyatt',1004,'Suite',1,27,2018,150,13);
insert into Price_Info values('Hyatt',1004,'Suite',1,28,2018,150,13);
insert into Price_Info values('Hyatt',1004,'Suite',1,29,2018,150,13);
insert into Price_Info values('Hyatt',1004,'Suite',1,30,2018,150,13);
insert into Price_Info values('Hyatt',1004,'Suite',1,31,2018,150,13);
insert into Price_Info values('Hyatt',1004,'King',1,1,2018,90,35);
insert into Price_Info values('Hyatt',1004,'King',1,2,2018,90,35);
insert into Price_Info values('Hyatt',1004,'King',1,3,2018,90,35);
insert into Price_Info values('Hyatt',1004,'King',1,4,2018,90,35);
insert into Price_Info values('Hyatt',1004,'King',1,5,2018,90,35);
insert into Price_Info values('Hyatt',1004,'King',1,6,2018,90,35);
insert into Price_Info values('Hyatt',1004,'King',1,7,2018,90,35);
insert into Price_Info values('Hyatt',1004,'King',1,8,2018,90,35);
insert into Price_Info values('Hyatt',1004,'King',1,9,2018,90,35);
insert into Price_Info values('Hyatt',1004,'King',1,10,2018,90,35);
insert into Price_Info values('Hyatt',1004,'King',1,11,2018,90,35);
insert into Price_Info values('Hyatt',1004,'King',1,12,2018,90,35);
insert into Price_Info values('Hyatt',1004,'King',1,13,2018,90,35);
insert into Price_Info values('Hyatt',1004,'King',1,14,2018,90,35);
insert into Price_Info values('Hyatt',1004,'King',1,15,2018,90,35);
insert into Price_Info values('Hyatt',1004,'King',1,16,2018,90,35);
insert into Price_Info values('Hyatt',1004,'King',1,17,2018,90,35);
insert into Price_Info values('Hyatt',1004,'King',1,18,2018,90,35);
insert into Price_Info values('Hyatt',1004,'King',1,19,2018,90,35);
insert into Price_Info values('Hyatt',1004,'King',1,20,2018,90,35);
insert into Price_Info values('Hyatt',1004,'King',1,21,2018,90,35);
insert into Price_Info values('Hyatt',1004,'King',1,22,2018,90,35);
insert into Price_Info values('Hyatt',1004,'King',1,23,2018,90,35);
insert into Price_Info values('Hyatt',1004,'King',1,24,2018,90,35);
insert into Price_Info values('Hyatt',1004,'King',1,25,2018,90,35);
insert into Price_Info values('Hyatt',1004,'King',1,26,2018,90,35);
insert into Price_Info values('Hyatt',1004,'King',1,27,2018,90,35);
insert into Price_Info values('Hyatt',1004,'King',1,28,2018,90,35);
insert into Price_Info values('Hyatt',1004,'King',1,29,2018,90,35);
insert into Price_Info values('Hyatt',1004,'King',1,30,2018,90,35);
insert into Price_Info values('Hyatt',1004,'King',1,31,2018,90,35);
insert into Price_Info values('Hyatt',1004,'Queen',1,1,2018,80,50);
insert into Price_Info values('Hyatt',1004,'Queen',1,2,2018,80,50);
insert into Price_Info values('Hyatt',1004,'Queen',1,3,2018,80,50);
insert into Price_Info values('Hyatt',1004,'Queen',1,4,2018,80,50);
insert into Price_Info values('Hyatt',1004,'Queen',1,5,2018,80,50);
insert into Price_Info values('Hyatt',1004,'Queen',1,6,2018,80,50);
insert into Price_Info values('Hyatt',1004,'Queen',1,7,2018,80,50);
insert into Price_Info values('Hyatt',1004,'Queen',1,8,2018,80,50);
insert into Price_Info values('Hyatt',1004,'Queen',1,9,2018,80,50);
insert into Price_Info values('Hyatt',1004,'Queen',1,10,2018,80,50);
insert into Price_Info values('Hyatt',1004,'Queen',1,11,2018,80,50);
insert into Price_Info values('Hyatt',1004,'Queen',1,12,2018,80,50);
insert into Price_Info values('Hyatt',1004,'Queen',1,13,2018,80,50);
insert into Price_Info values('Hyatt',1004,'Queen',1,14,2018,80,50);
insert into Price_Info values('Hyatt',1004,'Queen',1,15,2018,80,50);
insert into Price_Info values('Hyatt',1004,'Queen',1,16,2018,80,50);
insert into Price_Info values('Hyatt',1004,'Queen',1,17,2018,80,50);
insert into Price_Info values('Hyatt',1004,'Queen',1,18,2018,80,50);
insert into Price_Info values('Hyatt',1004,'Queen',1,19,2018,80,50);
insert into Price_Info values('Hyatt',1004,'Queen',1,20,2018,80,50);
insert into Price_Info values('Hyatt',1004,'Queen',1,21,2018,80,50);
insert into Price_Info values('Hyatt',1004,'Queen',1,22,2018,80,50);
insert into Price_Info values('Hyatt',1004,'Queen',1,23,2018,80,50);
insert into Price_Info values('Hyatt',1004,'Queen',1,24,2018,80,50);
insert into Price_Info values('Hyatt',1004,'Queen',1,25,2018,80,50);
insert into Price_Info values('Hyatt',1004,'Queen',1,26,2018,80,50);
insert into Price_Info values('Hyatt',1004,'Queen',1,27,2018,80,50);
insert into Price_Info values('Hyatt',1004,'Queen',1,28,2018,80,50);
insert into Price_Info values('Hyatt',1004,'Queen',1,29,2018,80,50);
insert into Price_Info values('Hyatt',1004,'Queen',1,30,2018,80,50);
insert into Price_Info values('Hyatt',1004,'Queen',1,31,2018,80,50);
insert into Price_Info values('Hyatt',1004,'Twin',1,1,2018,65,55);
insert into Price_Info values('Hyatt',1004,'Twin',1,2,2018,65,55);
insert into Price_Info values('Hyatt',1004,'Twin',1,3,2018,65,55);
insert into Price_Info values('Hyatt',1004,'Twin',1,4,2018,65,55);
insert into Price_Info values('Hyatt',1004,'Twin',1,5,2018,65,55);
insert into Price_Info values('Hyatt',1004,'Twin',1,6,2018,65,55);
insert into Price_Info values('Hyatt',1004,'Twin',1,7,2018,65,55);
insert into Price_Info values('Hyatt',1004,'Twin',1,8,2018,65,55);
insert into Price_Info values('Hyatt',1004,'Twin',1,9,2018,65,55);
insert into Price_Info values('Hyatt',1004,'Twin',1,10,2018,65,55);
insert into Price_Info values('Hyatt',1004,'Twin',1,11,2018,65,55);
insert into Price_Info values('Hyatt',1004,'Twin',1,12,2018,65,55);
insert into Price_Info values('Hyatt',1004,'Twin',1,13,2018,65,55);
insert into Price_Info values('Hyatt',1004,'Twin',1,14,2018,65,55);
insert into Price_Info values('Hyatt',1004,'Twin',1,15,2018,65,55);
insert into Price_Info values('Hyatt',1004,'Twin',1,16,2018,65,55);
insert into Price_Info values('Hyatt',1004,'Twin',1,17,2018,65,55);
insert into Price_Info values('Hyatt',1004,'Twin',1,18,2018,65,55);
insert into Price_Info values('Hyatt',1004,'Twin',1,19,2018,65,55);
insert into Price_Info values('Hyatt',1004,'Twin',1,20,2018,65,55);
insert into Price_Info values('Hyatt',1004,'Twin',1,21,2018,65,55);
insert into Price_Info values('Hyatt',1004,'Twin',1,22,2018,65,55);
insert into Price_Info values('Hyatt',1004,'Twin',1,23,2018,65,55);
insert into Price_Info values('Hyatt',1004,'Twin',1,24,2018,65,55);
insert into Price_Info values('Hyatt',1004,'Twin',1,25,2018,65,55);
insert into Price_Info values('Hyatt',1004,'Twin',1,26,2018,65,55);
insert into Price_Info values('Hyatt',1004,'Twin',1,27,2018,65,55);
insert into Price_Info values('Hyatt',1004,'Twin',1,28,2018,65,55);
insert into Price_Info values('Hyatt',1004,'Twin',1,29,2018,65,55);
insert into Price_Info values('Hyatt',1004,'Twin',1,30,2018,65,55);
insert into Price_Info values('Hyatt',1004,'Twin',1,31,2018,65,55);
insert into Price_Info values('Hyatt',1005,'Suite',1,1,2018,150,13);
insert into Price_Info values('Hyatt',1005,'Suite',1,2,2018,150,13);
insert into Price_Info values('Hyatt',1005,'Suite',1,3,2018,150,13);
insert into Price_Info values('Hyatt',1005,'Suite',1,4,2018,150,13);
insert into Price_Info values('Hyatt',1005,'Suite',1,5,2018,150,13);
insert into Price_Info values('Hyatt',1005,'Suite',1,6,2018,150,13);
insert into Price_Info values('Hyatt',1005,'Suite',1,7,2018,150,13);
insert into Price_Info values('Hyatt',1005,'Suite',1,8,2018,150,13);
insert into Price_Info values('Hyatt',1005,'Suite',1,9,2018,150,13);
insert into Price_Info values('Hyatt',1005,'Suite',1,10,2018,150,13);
insert into Price_Info values('Hyatt',1005,'Suite',1,11,2018,150,13);
insert into Price_Info values('Hyatt',1005,'Suite',1,12,2018,150,13);
insert into Price_Info values('Hyatt',1005,'Suite',1,13,2018,150,13);
insert into Price_Info values('Hyatt',1005,'Suite',1,14,2018,150,13);
insert into Price_Info values('Hyatt',1005,'Suite',1,15,2018,150,13);
insert into Price_Info values('Hyatt',1005,'Suite',1,16,2018,150,13);
insert into Price_Info values('Hyatt',1005,'Suite',1,17,2018,150,13);
insert into Price_Info values('Hyatt',1005,'Suite',1,18,2018,150,13);
insert into Price_Info values('Hyatt',1005,'Suite',1,19,2018,150,13);
insert into Price_Info values('Hyatt',1005,'Suite',1,20,2018,150,13);
insert into Price_Info values('Hyatt',1005,'Suite',1,21,2018,150,13);
insert into Price_Info values('Hyatt',1005,'Suite',1,22,2018,150,13);
insert into Price_Info values('Hyatt',1005,'Suite',1,23,2018,150,13);
insert into Price_Info values('Hyatt',1005,'Suite',1,24,2018,150,13);
insert into Price_Info values('Hyatt',1005,'Suite',1,25,2018,150,13);
insert into Price_Info values('Hyatt',1005,'Suite',1,26,2018,150,13);
insert into Price_Info values('Hyatt',1005,'Suite',1,27,2018,150,13);
insert into Price_Info values('Hyatt',1005,'Suite',1,28,2018,150,13);
insert into Price_Info values('Hyatt',1005,'Suite',1,29,2018,150,13);
insert into Price_Info values('Hyatt',1005,'Suite',1,30,2018,150,13);
insert into Price_Info values('Hyatt',1005,'Suite',1,31,2018,150,13);
insert into Price_Info values('Hyatt',1005,'King',1,1,2018,90,35);
insert into Price_Info values('Hyatt',1005,'King',1,2,2018,90,35);
insert into Price_Info values('Hyatt',1005,'King',1,3,2018,90,35);
insert into Price_Info values('Hyatt',1005,'King',1,4,2018,90,35);
insert into Price_Info values('Hyatt',1005,'King',1,5,2018,90,35);
insert into Price_Info values('Hyatt',1005,'King',1,6,2018,90,35);
insert into Price_Info values('Hyatt',1005,'King',1,7,2018,90,35);
insert into Price_Info values('Hyatt',1005,'King',1,8,2018,90,35);
insert into Price_Info values('Hyatt',1005,'King',1,9,2018,90,35);
insert into Price_Info values('Hyatt',1005,'King',1,10,2018,90,35);
insert into Price_Info values('Hyatt',1005,'King',1,11,2018,90,35);
insert into Price_Info values('Hyatt',1005,'King',1,12,2018,90,35);
insert into Price_Info values('Hyatt',1005,'King',1,13,2018,90,35);
insert into Price_Info values('Hyatt',1005,'King',1,14,2018,90,35);
insert into Price_Info values('Hyatt',1005,'King',1,15,2018,90,35);
insert into Price_Info values('Hyatt',1005,'King',1,16,2018,90,35);
insert into Price_Info values('Hyatt',1005,'King',1,17,2018,90,35);
insert into Price_Info values('Hyatt',1005,'King',1,18,2018,90,35);
insert into Price_Info values('Hyatt',1005,'King',1,19,2018,90,35);
insert into Price_Info values('Hyatt',1005,'King',1,20,2018,90,35);
insert into Price_Info values('Hyatt',1005,'King',1,21,2018,90,35);
insert into Price_Info values('Hyatt',1005,'King',1,22,2018,90,35);
insert into Price_Info values('Hyatt',1005,'King',1,23,2018,90,35);
insert into Price_Info values('Hyatt',1005,'King',1,24,2018,90,35);
insert into Price_Info values('Hyatt',1005,'King',1,25,2018,90,35);
insert into Price_Info values('Hyatt',1005,'King',1,26,2018,90,35);
insert into Price_Info values('Hyatt',1005,'King',1,27,2018,90,35);
insert into Price_Info values('Hyatt',1005,'King',1,28,2018,90,35);
insert into Price_Info values('Hyatt',1005,'King',1,29,2018,90,35);
insert into Price_Info values('Hyatt',1005,'King',1,30,2018,90,35);
insert into Price_Info values('Hyatt',1005,'King',1,31,2018,90,35);
insert into Price_Info values('Hyatt',1005,'Queen',1,1,2018,80,50);
insert into Price_Info values('Hyatt',1005,'Queen',1,2,2018,80,50);
insert into Price_Info values('Hyatt',1005,'Queen',1,3,2018,80,50);
insert into Price_Info values('Hyatt',1005,'Queen',1,4,2018,80,50);
insert into Price_Info values('Hyatt',1005,'Queen',1,5,2018,80,50);
insert into Price_Info values('Hyatt',1005,'Queen',1,6,2018,80,50);
insert into Price_Info values('Hyatt',1005,'Queen',1,7,2018,80,50);
insert into Price_Info values('Hyatt',1005,'Queen',1,8,2018,80,50);
insert into Price_Info values('Hyatt',1005,'Queen',1,9,2018,80,50);
insert into Price_Info values('Hyatt',1005,'Queen',1,10,2018,80,50);
insert into Price_Info values('Hyatt',1005,'Queen',1,11,2018,80,50);
insert into Price_Info values('Hyatt',1005,'Queen',1,12,2018,80,50);
insert into Price_Info values('Hyatt',1005,'Queen',1,13,2018,80,50);
insert into Price_Info values('Hyatt',1005,'Queen',1,14,2018,80,50);
insert into Price_Info values('Hyatt',1005,'Queen',1,15,2018,80,50);
insert into Price_Info values('Hyatt',1005,'Queen',1,16,2018,80,50);
insert into Price_Info values('Hyatt',1005,'Queen',1,17,2018,80,50);
insert into Price_Info values('Hyatt',1005,'Queen',1,18,2018,80,50);
insert into Price_Info values('Hyatt',1005,'Queen',1,19,2018,80,50);
insert into Price_Info values('Hyatt',1005,'Queen',1,20,2018,80,50);
insert into Price_Info values('Hyatt',1005,'Queen',1,21,2018,80,50);
insert into Price_Info values('Hyatt',1005,'Queen',1,22,2018,80,50);
insert into Price_Info values('Hyatt',1005,'Queen',1,23,2018,80,50);
insert into Price_Info values('Hyatt',1005,'Queen',1,24,2018,80,50);
insert into Price_Info values('Hyatt',1005,'Queen',1,25,2018,80,50);
insert into Price_Info values('Hyatt',1005,'Queen',1,26,2018,80,50);
insert into Price_Info values('Hyatt',1005,'Queen',1,27,2018,80,50);
insert into Price_Info values('Hyatt',1005,'Queen',1,28,2018,80,50);
insert into Price_Info values('Hyatt',1005,'Queen',1,29,2018,80,50);
insert into Price_Info values('Hyatt',1005,'Queen',1,30,2018,80,50);
insert into Price_Info values('Hyatt',1005,'Queen',1,31,2018,80,50);
insert into Price_Info values('Hyatt',1005,'Twin',1,1,2018,65,55);
insert into Price_Info values('Hyatt',1005,'Twin',1,2,2018,65,55);
insert into Price_Info values('Hyatt',1005,'Twin',1,3,2018,65,55);
insert into Price_Info values('Hyatt',1005,'Twin',1,4,2018,65,55);
insert into Price_Info values('Hyatt',1005,'Twin',1,5,2018,65,55);
insert into Price_Info values('Hyatt',1005,'Twin',1,6,2018,65,55);
insert into Price_Info values('Hyatt',1005,'Twin',1,7,2018,65,55);
insert into Price_Info values('Hyatt',1005,'Twin',1,8,2018,65,55);
insert into Price_Info values('Hyatt',1005,'Twin',1,9,2018,65,55);
insert into Price_Info values('Hyatt',1005,'Twin',1,10,2018,65,55);
insert into Price_Info values('Hyatt',1005,'Twin',1,11,2018,65,55);
insert into Price_Info values('Hyatt',1005,'Twin',1,12,2018,65,55);
insert into Price_Info values('Hyatt',1005,'Twin',1,13,2018,65,55);
insert into Price_Info values('Hyatt',1005,'Twin',1,14,2018,65,55);
insert into Price_Info values('Hyatt',1005,'Twin',1,15,2018,65,55);
insert into Price_Info values('Hyatt',1005,'Twin',1,16,2018,65,55);
insert into Price_Info values('Hyatt',1005,'Twin',1,17,2018,65,55);
insert into Price_Info values('Hyatt',1005,'Twin',1,18,2018,65,55);
insert into Price_Info values('Hyatt',1005,'Twin',1,19,2018,65,55);
insert into Price_Info values('Hyatt',1005,'Twin',1,20,2018,65,55);
insert into Price_Info values('Hyatt',1005,'Twin',1,21,2018,65,55);
insert into Price_Info values('Hyatt',1005,'Twin',1,22,2018,65,55);
insert into Price_Info values('Hyatt',1005,'Twin',1,23,2018,65,55);
insert into Price_Info values('Hyatt',1005,'Twin',1,24,2018,65,55);
insert into Price_Info values('Hyatt',1005,'Twin',1,25,2018,65,55);
insert into Price_Info values('Hyatt',1005,'Twin',1,26,2018,65,55);
insert into Price_Info values('Hyatt',1005,'Twin',1,27,2018,65,55);
insert into Price_Info values('Hyatt',1005,'Twin',1,28,2018,65,55);
insert into Price_Info values('Hyatt',1005,'Twin',1,29,2018,65,55);
insert into Price_Info values('Hyatt',1005,'Twin',1,30,2018,65,55);
insert into Price_Info values('Hyatt',1005,'Twin',1,31,2018,65,55);
insert into Reservation values('1000000','01d00',6,0,1,1,2018,1,2,2018,'Hilton',1000,'Suite');
insert into Reservation values('1000001','95766',3,0,1,2,2018,1,3,2018,'Hilton',1001,'King');
insert into Reservation values('1000002','e8607',4,0,1,3,2018,1,4,2018,'Hyatt',1003,'Suite');
insert into Reservation values('1000003','f846e',2,0,1,4,2018,1,5,2018,'Hyatt',1004,'Suite');